Registration ID,Name,College Name,Student Department,Year of Studying,Mobile Number,Email ID
1031,Swarali Annaso Londhe,ADCET,Civil Engineering,2nd Year,7820930696,swaralondhe325@gmail.com
1035,Dipali Nagnath Bagal,ADCET,Civil Engineering,3rd Year,8855025001,naganathbagal151@gmail.com
1047,Shubham Vilas Gavade,ADCET,Civil Engineering,3rd Year,8530992441,shubhamgavade2441@gmail.com
1075,Anushka Anil Awate,ADCET,Civil Engineering,2nd Year,8468825297,awateanushka8@gmail.com
1098,Pratik Nagnath Rajmane,ADCET,Civil Engineering,3rd Year,9011031504,pratikrajmane04@gmail.com
1100,Abhijeet Vagare,ADCET,Civil Engineering,3rd Year,8329313549,abhijeetvagare12@gmail.com
1157,Habiba Mahmadashraf Momin,ADCET,Civil Engineering,3rd Year,7588909233,habibamomin778@gmail.com
1162,Tejashri Pratap Pol,ADCET,Civil Engineering,3rd Year,8208577144,tejasripol02@gmail.com
1187,Sadiya Aslam Mujawar,ADCET,Civil Engineering,3rd Year,9890403432,mujawarsadiya030@gmail.com
1260,Vishal Namdev Anuse,ADCET,Civil Engineering,3rd Year,9067567195,knightgamer294@gmail.com
1275,Rushikesh Appasaheb Patil,ADCET,Civil Engineering,3rd Year,9226564004,rushi9881540166@gmail.com
1276,Shitej Ramdas Bandgar,ADCET,Civil Engineering,3rd Year,7058934949,shitejbandgar808@gmail.com
1279,Bhagyashri Baburao Shelake,ADCET,Civil Engineering,3rd Year,8767079391,bhagyashrishelake87@gmail.com
1281,Pradnya Nathaji Kokare,ADCET,Civil Engineering,3rd Year,7499796753,pradnyakokare106@gmail.com
1287,Bapu sharad kadam,ADCET,Civil Engineering,3rd Year,7972577263,bapukadam952@gmail.com
1337,Mahek Intekhan Alam Inamdar,ADCET,Civil Engineering,3rd Year,9172276483,mahekinamdar0102@gmail.com
1339,Abhishek Houserao Thorat,ADCET,Civil Engineering,3rd Year,8007733130,abhithorat6298@gmail.com
1340,Ruturaj Jivan Mane,ADCET,Civil Engineering,3rd Year,8793620560,ruturajm624@gmail.com
1341,Shivraj Vikas patil,ADCET,Civil Engineering,3rd Year,9216343535,shivrajpatil1510@gmail.com
1342,Gayatri Jitendra Kumbhar,ADCET,Civil Engineering,3rd Year,9975269039,gayatrikumbhar714@gmail.com
1344,Devyani Pramod Gurav,ADCET,Civil Engineering,3rd Year,9766075299,devyanigurav8082@gmail.com
1346,Dhanshri Raghunath Tonape,ADCET,Civil Engineering,3rd Year,8830142755,dhanshritonape20@gmail.com
1353,Madhura Anil Sawant,ADCET,Civil Engineering,3rd Year,9766894402,madhurasawant984@gmail.com
1378,Mukta Umakant Dixit,ADCET,Civil Engineering,3rd Year,9604320189,muktadixit2005@gmail.com
1381,Shubham Bajarang Dabhade,ADCET,Civil Engineering,2nd Year,9322869989,sdabhade533@gmail.com
1389,Sanskruti Pratap Shirke,ADCET,Civil Engineering,2nd Year,7620444538,sanskrutishirke13@gmail.com
1390,Omkar Vijay Rangole,ADCET,Civil Engineering,2nd Year,7248921765,omkarrangole2006@gmail.com
1395,Arjun Baban Chavan,ADCET,Civil Engineering,3rd Year,7066897993,arjunchavan0015@gmail.com
1399,Sumit Amol Pujari,ADCET,Civil Engineering,2nd Year,8087418097,pujarisumit07@gmail.com
1408,Abhishek dilip patil,ADCET,Civil Engineering,3rd Year,9021288571,abhi.shambo862006@gmail.com
1416,Harshvardhan Haridas Patil,ADCET,Civil Engineering,3rd Year,8956414158,harshpatil6910@gmail.com
1425,Vitthal Subhash mendilkar,ADCET,Civil Engineering,3rd Year,9284267017,vitthalmendilkar665@gmail.com
1437,Trupti Arvind Patil,ADCET,Civil Engineering,3rd Year,9421334708,patiltrupti2508@gmail.com
1462,Mayuri Somnath Khatke,ADCET,Civil Engineering,3rd Year,9702140491,mayurikhatke586@gmail.com
1466,Harshvardhan Sanjay yadav,ADCET,Civil Engineering,3rd Year,8010446407,hy66732@gmail.com
1467,Adityaraj Amol Patil,ADCET,Civil Engineering,3rd Year,8080841714,adityarajpatil883@gmail.com
1489,Anjali Lakshman Bhairapgol,ADCET,Civil Engineering,3rd Year,9322453421,anjalibhairapgol2@gmail.com
1532,Vikas Karad,ADCET,Civil Engineering,3rd Year,8830555932,vikaskarad83@gmail.com
1546,Shriraj Ranjeetsinh Khardekar,ADCET,Civil Engineering,2nd Year,9373796775,shrirajkhardekar@gmail.com
1578,Vedant Dhananjay Satape,ADCET,Civil Engineering,3rd Year,8087223684,vedantsatape2005@gmail.com
1579,Anurag Gulab Chavan,ADCET,Civil Engineering,3rd Year,7709181360,anuragchavan1360@gmail.com
1581,Prem Gorakh Deshmukh,ADCET,Civil Engineering,3rd Year,8446648967,premdeshmukh126@gmail.com
1584,Adhyaraj M. Ghorpade Deshmukh,ADCET,Civil Engineering,3rd Year,9356722877,adhyarajghorpade2711@gmail.com
1585,Adarsh Dilip Sawant,ADCET,Civil Engineering,3rd Year,7021191202,adarshsawant2330@gmail.com
1590,Aryan Hemant Bhosale,ADCET,Civil Engineering,3rd Year,9373744949,aryanbhosale039@gmail.com
1639,Pranali kadam,ADCET,Aeronautical Engineering,2nd Year,7066135179,pranalikadam1808@gmail.com
1735,Sejal Narendra Jadhav,ADCET,Civil Engineering,2nd Year,8856093263,snjadhav1377@gmail.com
1755,Satyajeet anandrao patil,ADCET,Civil Engineering,2nd Year,8626058825,sp5272369@gmail.com
1756,Pranav Ankush Sonawane,ADCET,Civil Engineering,2nd Year,9860139655,jankapranavsonawane9655@gmail.com
1763,Gaikwad Siddhi Sharad,ADCET,Civil Engineering,2nd Year,9226628517,gaikwadsiddhi1558@gmail.com
1769,Aryan sachin Jadhav,ADCET,Civil Engineering,2nd Year,9322684533,aryanj5760@gmail.com
1776,Sanskruti Suhas Mali,ADCET,Civil Engineering,2nd Year,7218672310,sanu721867@gmail.com
1788,Sanskruti Sanjay Sangolkar,ADCET,Civil Engineering,2nd Year,9529709243,sanskrutisangolkar2007@gmail.com
1822,Aryan Mahadev Jadhav,ADCET,Civil Engineering,2nd Year,9307089867,jadhavmahadev65553@gmail.com
1958,Ishwari amol keripale,ADCET,AI & Data Science,1st Year,7410159636,ishwarikeripale@gmail.com
2081,Samarth Santosh Wale,ADCET,Civil Engineering,3rd Year,7757011871,samarjitw10@gmail.com
2101,Amarnath Baburao Bande,ADCET,Computer Science Engineering,2nd Year,9359850940,amarbande0751@gmail.com
2133,Harshali Ulhas Kadam,ADCET,Civil Engineering,2nd Year,9370221554,harshalikadam1556@gmail.com
2144,Ganesh Avinash Yadav,Nanasaheb mahadik college of engineering,Civil Engineering,2nd Year,8668317517,ganeshyadav200625@gmail.com
2166,Vedant ramesh patil,ADCET,AI & Data Science,1st Year,8390310191,vedantpatil7619@gmail.com
2176,Param Anil Shejale,ADCET,Civil Engineering,3rd Year,9890428006,paramshejale95@gmail.com
2193,Pratik Ghode,TKIET WARANANAGAR,Civil Engineering,3rd Year,9623309105,pratikghode1101@gmail.com
2196,Pratik Uday Ghatge,TKIET WARANANAGAR,Civil Engineering,3rd Year,9699592427,pratikghatge2427@gmail.com
2199,Shubham Santosh Bahadure,"Tatyasaheb Kore Institute of Engineering and Technology, Warananagar",Civil Engineering,3rd Year,9405763732,shubhambahadure0707@gmail.com
2200,Paras Sanjay Kadam,TATYASAHEB KORE INSTITUTE OF ENGINEERING AND TECHNOLOGY WARNANAGAR,Civil Engineering,3rd Year,9156767532,kadamparas827@gmail.com
2201,Krishna siddhu Hanchnal,TKIET WARANANAGAR,Civil Engineering,3rd Year,9766336075,krishnahachnal@gmail.com
2314,Shravani Madhukar Patil,ADCET,Electrical Engineering,1st Year,9529358204,sp8447469@gmail.com
2316,Sanskruti santosh Shinde,ADCET,Electrical Engineering,1st Year,9404632066,sanskruti307shinde@gmail.com
2445,Adityaraj Dange,ADCET,Civil Engineering,Post Graduate,9975733079,dangeadityaraj@gmail.com
2501,Shrutika Jadhav,ADCET,Civil Engineering,2nd Year,8793926168,shrutijjadhav0404@gmail.com
2502,Purva Banne,ADCET,Engineering,1st Year,9421472902,purva.m.banne@gmail.com
2503,Pragati Gavade,ADCET,Civil Engineering,3rd Year,8793152260,pragatigavade9@gmail.com
2504,Pujari Dakshana,ADCET,Engineering,1st Year,7666818758,pujaridakshana@gmail.com
2505,Avadhut Kadam,ADCET,Engineering,1st Year,7020818184,kadamavadhut841@gmail.com
2506,Abhijeet Patil,ADCET,Civil Engineering,2nd Year,8459428078,abhijeetpatil7992@gmail.com
2507,Avishkar Mane,ADCET,Engineering,1st Year,7666332636,maneavishkar9767@gmail.com
2508,Omkar Patil,ADCET,Civil Engineering,3rd Year,9172204037,patilomkar4037@gmail.com
2509,Siddhi Dalvi,ADCET,Civil Engineering,3rd Year,9284317580,siddhidalvi1286@gmail.com
2510,Ritesh Patil,ADCET,Civil Engineering,3rd Year,8626056310,ritesh1010patil@gmail.com
2511,Mahamadtakee Asif Patawekar,ADCET,Civil Engineering,3rd Year,7972720859,takeepatwekar07@gmail.com
2512,Sadiya inamdar,ADCET,Civil Engineering,3rd Year,9172286483,sadiyainamdar0404@gmail.com
2513,Devraj Panval,ADCET,Civil Engineering,2nd Year,9665479118,devrajpanval28@gmail.com
2514,Sahil Mahabari,ADCET,Civil Engineering,3rd Year,9322035041,sahilmahabri47@gmail.com
2515,Raj Vhanure,ADCET,Engineering,1st Year,8329952252,rajvhanure@gmail.com
2516,Viraj Chincholkar,TKIT,Civil Engineering,3rd Year,9420600346,virajchincholkar761@gmail.com
